timestamp,distance,cycles,active time,activity type,active calories,timestamp 16,heart rate,intensity,duration min,ascent,descent,moderate activity minutes
2022-07-24T21:00:00.000Z,,,,,,,,,,,,
2022-07-24T21:00:00.000Z,,,,,,,,,,,,
2022-07-24T21:00:00.000Z,,,,sedentary,,,,0,,,,
,,,,,,26380,79,,,,,
,,,,,,26560,80,,,,,
,,,,,,26620,81,,,,,
,,,,,,26680,78,,,,,
,,,,,,26740,77,,,,,
,,,,,,26800,76,,,,,
,,,,,,26980,73,,,,,
,,,,,,27040,72,,,,,
,,,,,,27100,73,,,,,
,,,,,,27160,74,,,,,
,,,,,,27220,76,,,,,
,,,,,,27280,75,,,,,
,,,,,,27340,73,,,,,
,,,,,,27400,70,,,,,
,,,,,,27580,72,,,,,
,,,,,,27820,71,,,,,
,,,,,,27880,72,,,,,
,,,,,,27940,71,,,,,
,,,,,,28060,70,,,,,
,,,,,,28120,71,,,,,
,,,,,,28180,72,,,,,
,,,,,,28420,71,,,,,
,,,,,,28480,72,,,,,
,,,,,,28600,73,,,,,
,,,,,,28660,71,,,,,
,,,,,,28720,72,,,,,
,,,,,,28780,71,,,,,
,,,,,,28840,72,,,,,
,,,,,,28960,71,,,,,
,,,,,,29080,72,,,,,
,,,,,,29200,73,,,,,
,,,,,,29260,72,,,,,
,,,,,,29380,70,,,,,
,,,,,,29440,71,,,,,
,,,,,,29500,72,,,,,
,,,,,,29620,71,,,,,
,,,,,,29740,77,,,,,
,,,,,,29800,78,,,,,
,,,,,,29860,75,,,,,
2022-07-24T22:01:00.000Z,,,,sedentary,,,,0,,,,
,,,,,,30040,73,,,,,
,,,,,,30100,74,,,,,
,,,,,,30160,73,,,,,
,,,,,,30220,76,,,,,
,,,,,,30280,69,,,,,
,,,,,,30340,74,,,,,
,,,,,,30400,79,,,,,
,,,,,,30460,77,,,,,
,,,,,,30580,76,,,,,
,,,,,,30640,75,,,,,
,,,,,,30700,78,,,,,
,,,,,,30820,77,,,,,
,,,,,,30880,80,,,,,
2022-07-24T22:16:00.000Z,,,,sedentary,,,,0,,,,
,,,,,,30940,79,,,,,
2022-07-24T22:17:00.000Z,,,,sedentary,,,,3,,,,
,,,,,,31000,71,,,,,
,,,,,,31060,73,,,,,
,,,,,,31120,76,,,,,
,,,,,,31300,77,,,,,
,,,,,,31360,76,,,,,
,,,,,,31420,77,,,,,
,,,,,,31480,78,,,,,
,,,,,,31540,77,,,,,
,,,,,,31660,76,,,,,
,,,,,,31720,74,,,,,
,,,,,,31780,73,,,,,
,,,,,,31840,74,,,,,
,,,,,,31960,75,,,,,
,,,,,,32020,76,,,,,
,,,,,,32080,77,,,,,
,,,,,,32320,75,,,,,
,,,,,,32380,77,,,,,
,,,,,,32440,78,,,,,
,,,,,,32500,77,,,,,
,,,,,,32620,75,,,,,
,,,,,,32680,78,,,,,
,,,,,,32740,77,,,,,
2022-07-24T22:48:00.000Z,,,,sedentary,,,,0,,,,
,,,,,,32860,76,,,,,
,,,,,,32920,77,,,,,
2022-07-24T22:50:00.000Z,,,,sedentary,,,,3,,,,
,,,,,,33040,78,,,,,
,,,,,,33100,82,,,,,
,,,,,,33160,79,,,,,
,,,,,,33220,80,,,,,
,,,,,,33280,81,,,,,
,,,,,,33400,80,,,,,
2022-07-24T22:58:00.000Z,,,,sedentary,,,,0,,,,
,,,,,,33460,79,,,,,
2022-07-24T22:59:00.000Z,,,,sedentary,,,,3,,,,
,,,,,,33520,82,,,,,
,,15,60.000,walking,0,33520,,2,,,,
,,,,,,33580,83,,,,,
2022-07-24T23:01:00.000Z,,,,sedentary,,,,3,,,,
,,,,,,33640,76,,,,,
,,,,,,33700,72,,,,,
,,,,,,33760,74,,,,,
,,,,,,33820,73,,,,,
,,,,,,33880,69,,,,,
,,,,,,33940,68,,,,,
,,,,,,34000,75,,,,,
,,,,,,34060,71,,,,,
,,,,,,34120,76,,,,,
,,,,,,34180,70,,,,,
,,,,,,34300,76,,,,,
,,,,,,34360,69,,,,,
,,,,,,34480,73,,,,,
,,,,,,34540,69,,,,,
,,,,,,34720,72,,,,,
,,,,,,34780,69,,,,,
,,,,,,34840,67,,,,,
,,,,,,34900,65,,,,,
,,,,,,34960,68,,,,,
,,,,,,35020,69,,,,,
,,,,,,35080,66,,,,,
,,,,,,35140,67,,,,,
,,,,,,35200,66,,,,,
,,,,,,35260,70,,,,,
,,,,,,35320,71,,,,,
,,,,,,35380,72,,,,,
,,,,,,35500,70,,,,,
,,,,,,35560,69,,,,,
,,,,,,35620,71,,,,,
,,,,,,35680,70,,,,,
,,,,,,35740,73,,,,,
,,,,,,35920,74,,,,,
,,,,,,36040,73,,,,,
,,,,,,36100,74,,,,,
,,,,,,36160,73,,,,,
,,,,,,36220,75,,,,,
,,,,,,36280,74,,,,,
2022-07-24T23:46:00.000Z,,,,sedentary,,,,0,,,,
,,,,,,36400,78,,,,,
2022-07-24T23:48:00.000Z,,,,sedentary,,,,4,,,,
,,,,,,36460,79,,,,,
,,,,,,36520,77,,,,,
,,,,,,36580,79,,,,,
,,,,,,36700,80,,,,,
,,,,,,36760,79,,,,,
,,,,,,37000,78,,,,,
,,,,,,37180,75,,,,,
2022-07-25T00:01:00.000Z,,,,sedentary,,,,0,,,,
,,,,,,37240,74,,,,,
,,,,,,37300,78,,,,,
,,,,,,37360,77,,,,,
,,,,,,37420,78,,,,,
,,,,,,37540,76,,,,,
,,,,,,37720,75,,,,,
,,,,,,37780,77,,,,,
,,,,,,38020,76,,,,,
,,,,,,38380,75,,,,,
,,,,,,38560,74,,,,,
,,,,,,38620,75,,,,,
,,,,,,38680,74,,,,,
,,,,,,38740,75,,,,,
,,,,,,38860,74,,,,,
,,,,,,39160,76,,,,,
,,,,,,39220,74,,,,,
2022-07-25T00:35:00.000Z,,,,sedentary,,,,0,,,,
,,,,,,39280,75,,,,,
2022-07-25T00:36:00.000Z,,,,sedentary,,,,3,,,,
,,,,,,39340,76,,,,,
,,,,,,39400,75,,,,,
,,,,,,39460,74,,,,,
,,,,,,39580,75,,,,,
,,,,,,39640,84,,,,,
,,,,,,39700,77,,,,,
,,,,,,39760,73,,,,,
,,,,,,39820,74,,,,,
,,,,,,39880,73,,,,,
,,,,,,39940,75,,,,,
,,,,,,40000,74,,,,,
,,,,,,40240,73,,,,,
,,,,,,40300,71,,,,,
,,,,,,40360,74,,,,,
,,,,,,40420,73,,,,,
2022-07-25T00:55:00.000Z,,,,sedentary,,,,0,,,,
2022-07-25T00:56:00.000Z,,,,sedentary,,,,3,,,,
,,,,,,40540,81,,,,,
2022-07-25T00:57:00.000Z,,,,sedentary,,,,0,,,,
,,,,,,40600,83,,,,,
,,,,,,40660,84,,,,,
2022-07-25T00:59:00.000Z,,,,sedentary,,,,4,,,,
,,,,,,40720,118,,,,,
,,46,120.000,walking,7,40720,,4,,,,
,,,,,,40780,124,,,,,
2022-07-25T01:01:00.000Z,,,,sedentary,,,,0,,,,
,,,,,,40840,67,,,,,
,,,,,,40900,69,,,,,
,,,,,,40960,73,,,,,
,,,,,,41080,66,,,,,
,,,,,,41140,72,,,,,
,,,,,,41200,67,,,,,
,,,,,,41260,71,,,,,
,,,,,,41320,70,,,,,
,,,,,,41380,66,,,,,
,,,,,,41440,63,,,,,
,,,,,,41500,71,,,,,
,,,,,,41560,68,,,,,
,,,,,,41620,73,,,,,
,,,,,,41680,72,,,,,
,,,,,,41740,73,,,,,
,,,,,,41800,66,,,,,
,,,,,,41860,70,,,,,
,,,,,,41920,72,,,,,
,,,,,,41980,71,,,,,
,,,,,,42040,73,,,,,
,,,,,,42100,71,,,,,
,,,,,,42160,69,,,,,
,,,,,,42220,67,,,,,
2022-07-25T01:26:00.000Z,,,,sedentary,,,,0,,,,
,,,,,,42340,69,,,,,
2022-07-25T01:27:00.000Z,,,,sedentary,,,,3,,,,
,,,,,,42400,67,,,,,
,,,,,,42460,61,,,,,
,,,,,,42520,65,,,,,
,,,,,,42580,67,,,,,
,,,,,,42640,61,,,,,
2022-07-25T01:32:00.000Z,,,,sedentary,,,,0,,,,
,,,,,,42700,64,,,,,
,,,,,,42760,69,,,,,
2022-07-25T01:34:00.000Z,,,,sedentary,,,,4,,,,
,,,,,,42820,75,,,,,
,,,,,,42880,73,,,,,
,,,,,,42940,77,,,,,
,,,,,,43000,72,,,,,
,,,,,,43060,75,,,,,
,,,,,,43120,73,,,,,
,,,,,,43180,71,,,,,
,,,,,,43240,70,,,,,
,,,,,,43360,71,,,,,
,,,,,,43420,70,,,,,
,,,,,,43540,71,,,,,
,,,,,,43600,70,,,,,
,,,,,,43660,68,,,,,
,,,,,,43720,69,,,,,
,,,,,,43780,68,,,,,
,,,,,,43900,69,,,,,
,,,,,,43960,68,,,,,
,,,,,,44020,67,,,,,
,,,,,,44140,69,,,,,
,,,,,,44380,67,,,,,
2022-07-25T02:01:00.000Z,,,,sedentary,,,,0,,,,
,,,,,,44440,69,,,,,
,,,,,,44500,68,,,,,
,,,,,,44560,70,,,,,
,,,,,,44620,69,,,,,
,,,,,,44680,70,,,,,
,,,,,,44740,71,,,,,
,,,,,,44860,70,,,,,
,,,,,,44920,69,,,,,
,,,,,,44980,67,,,,,
,,,,,,45100,68,,,,,
,,,,,,45220,67,,,,,
,,,,,,45280,68,,,,,
,,,,,,45400,69,,,,,
,,,,,,45460,68,,,,,
,,,,,,45640,67,,,,,
,,,,,,45700,66,,,,,
,,,,,,45760,68,,,,,
,,,,,,45880,67,,,,,
,,,,,,46000,68,,,,,
,,,,,,46060,67,,,,,
2022-07-25T02:31:00.000Z,,,,sedentary,,,,0,,,,
,,,,,,46240,69,,,,,
2022-07-25T02:32:00.000Z,,,,sedentary,,,,4,,,,
,,,,,,46300,71,,,,,
,,,,,,46360,65,,,,,
2022-07-25T02:34:00.000Z,,,,sedentary,,,,0,,,,
,,,,,,46420,71,,,,,
2022-07-25T02:35:00.000Z,,,,sedentary,,,,3,,,,
,,,,,,46480,74,,,,,
,,,,,,46540,71,,,,,
,,,,,,46600,68,,,,,
,,,,,,46660,70,,,,,
,,,,,,46720,72,,,,,
,,,,,,46780,69,,,,,
,,,,,,46840,72,,,,,
,,,,,,46900,69,,,,,
2022-07-25T02:43:00.000Z,,,,sedentary,,,,0,,,,
,,,,,,46960,68,,,,,
2022-07-25T02:44:00.000Z,,,,sedentary,,,,3,,,,
,,,,,,47020,72,,,,,
,,,,,,47080,70,,,,,
,,,,,,47140,72,,,,,
,,,,,,47200,69,,,,,
,,,,,,47260,72,,,,,
,,,,,,47320,71,,,,,
2022-07-25T02:50:00.000Z,,,,sedentary,,,,0,,,,
,,,,,,47440,75,,,,,
2022-07-25T02:52:00.000Z,,,,sedentary,,,,4,,,,
,,,,,,47500,71,,,,,
,,,,,,47560,66,,,,,
,,,,,,47620,64,,,,,
,,,,,,47740,67,,,,,
,,,,,,47800,69,,,,,
2022-07-25T02:58:00.000Z,,,,sedentary,,,,0,,,,
,,,,,,47860,68,,,,,
2022-07-25T02:59:00.000Z,,,,sedentary,,,,3,,,,
2022-07-25T03:00:00.000Z,,,,sedentary,,,,0,,,,
,,,,,,47980,70,,,,,
2022-07-25T03:01:00.000Z,,,,sedentary,,,,2,,,,
,,,,,,48040,72,,,,,
,,,,,,48160,78,,,,,
,,,,,,48220,82,,,,,
2022-07-25T03:05:00.000Z,,,,sedentary,,,,3,,,,
,,,,,,48280,94,,,,,
,,57,180.000,walking,13,48280,,1,,,,
,,,,,,48340,120,,,,,
,,0,60.000,generic,3,48340,,4,,,,
,,,,,,48400,107,,,,,
2022-07-25T03:08:00.000Z,,,,sedentary,,,,2,,,,
,,,,,,48460,90,,,,,
,,,,,,48520,110,,,,,
,,,,,,48580,117,,,,,
,,,,,,48640,118,,,,,
,,,,,,48700,110,,,,,
,,,,,,48760,111,,,,,
,,205,540.000,walking,38,48760,,3,,,,
,,,,,,48820,112,,,,,
,,0,120.000,generic,6,48820,,5,,,,
,,,,,,48880,102,,,,,
,,238,600.000,walking,41,48880,,1,,,,
,,,,,,48940,101,,,,,
2022-07-25T03:17:00.000Z,,,,sedentary,,,,6,,,,
,,,,,,49000,97,,,,,
,,,,,,49060,98,,,,,
,,,,,,49064,,,,3.048,,
,,,,,,49120,113,,,,,
,,375,780.000,walking,48,49120,,2,,,,
,,,,,,49180,115,,,,,
,,,,,,49240,102,,,,,
,,0,201.000,generic,10,49240,,5,,,,
,,,,,,49300,89,,,,,
,,,,,,49360,84,,,,,
,,,,,,49420,78,,,,,
,,,,,,49480,81,,,,,
,,,,,,49540,80,,,,,
,,,,,,49660,81,,,,,
2022-07-25T03:29:00.000Z,,,,sedentary,,,,5,,,,
,,,,,,49720,98,,,,,
,,470,833.000,walking,51,49720,,2,,,,
,,,,,,49780,101,,,,,
,,531,893.000,walking,54,49780,,1,,,,
,,,,,,49840,98,,,,,
2022-07-25T03:32:00.000Z,,,,sedentary,,,,1,,,,
,,,,,,49900,91,,,,,
2022-07-25T03:33:00.000Z,,,,sedentary,,,,0,,,,
,,,,,,49960,88,,,,,
,,,,,,50020,105,,,,,
,,,,,,50080,107,,,,,
,,,,,,50089,,,,3.048,,
,,,,,,50140,116,,,,,
,,,,,,50200,125,,,,,
,,,,,,50260,115,,,,,
,,,,,,50320,110,,,,,
,,,,,,50380,108,,,,,
,,,,,,50440,107,,,,,
,,,,,,50620,108,,,,,
,,1218,1545.000,walking,94,50620,,1,,,,
,,,,,,50680,109,,,,,
,,,,,,50740,107,,,,,
,,1395,1665.000,walking,100,50740,,2,,,,
,,,,,,50800,103,,,,,
,,0,222.000,generic,11,50800,,6,,,,
,,,,,,50860,91,,,,,
2022-07-25T03:49:00.000Z,,,,sedentary,,,,5,,,,
,,,,,,50920,90,,,,,
,,1408,1672.000,walking,101,50920,,1,,,,
,,,,,,50980,98,,,,,
,,,,,,51040,96,,,,,
,,,,,,51100,73,,,,,
,,,,,,51160,70,,,,,
,,,,,,51220,65,,,,,
,,,,,,51280,69,,,,,
,,,,,,51340,80,,,,,
,,,,,,51460,77,,,,,
,,,,,,51520,79,,,,,
2022-07-25T04:00:00.000Z,,,,sedentary,,,,3,,,,
,,,,,,51580,71,,,,,
2022-07-25T04:01:00.000Z,,,,sedentary,,,,0,,,,
,,,,,,51640,70,,,,,
2022-07-25T04:02:00.000Z,,,,sedentary,,,,2,,,,
,,,,,,51700,69,,,,,
2022-07-25T04:03:00.000Z,,,,sedentary,,,,0,,,,
,,,,,,51760,67,,,,,
,,,,,,51820,69,,,,,
2022-07-25T04:05:00.000Z,,,,sedentary,,,,1,,,,
,,,,,,51880,70,,,,,
,,,,,,51940,73,,,,,
2022-07-25T04:07:00.000Z,,,,sedentary,,,,0,,,,
,,,,,,52000,72,,,,,
,,,,,,52060,80,,,,,
,,,,,,52120,74,,,,,
,,,,,,52180,71,,,,,
2022-07-25T04:11:00.000Z,,,,sedentary,,,,4,,,,
,,,,,,52240,69,,,,,
,,,,,,52300,80,,,,,
,,1445,1683.000,walking,101,52300,,2,,,,
,,,,,,52360,88,,,,,
,,,,,,52420,69,,,,,
,,,,,,52480,66,,,,,
,,,,,,52540,69,,,,,
,,,,,,52600,67,,,,,
,,,,,,52660,68,,,,,
2022-07-25T04:19:00.000Z,,,,sedentary,,,,3,,,,
,,,,,,52720,70,,,,,
2022-07-25T04:20:00.000Z,,,,sedentary,,,,0,,,,
,,,,,,52780,69,,,,,
,,,,,,52840,70,,,,,
,,,,,,52900,71,,,,,
,,,,,,52960,72,,,,,
,,,,,,53020,87,,,,,
,,,,,,53080,79,,,,,
,,,,,,53140,71,,,,,
2022-07-25T04:27:00.000Z,,,,sedentary,,,,4,,,,
,,,,,,53200,70,,,,,
2022-07-25T04:28:00.000Z,,,,sedentary,,,,0,,,,
,,,,,,53320,81,,,,,
,,,,,,53380,77,,,,,
,,,,,,53440,73,,,,,
,,,,,,53500,71,,,,,
2022-07-25T04:33:00.000Z,,,,sedentary,,,,4,,,,
,,,,,,53560,78,,,,,
2022-07-25T04:34:00.000Z,,,,sedentary,,,,0,,,,
,,,,,,53620,71,,,,,
,,,,,,53664,,,,3.047,,
,,,,,,53680,96,,,,,
,,,,,,53740,118,,,,,
,,,,,,53759,,,,,3.543,
,,,,,,53800,105,,,,,
,,1611,1812.000,walking,110,53800,,1,,,,
,,,,,,53860,94,,,,,
,,,,,,53920,85,,,,,
2022-07-25T04:40:00.000Z,,,,sedentary,,,,5,,,,
,,,,,,53980,80,,,,,
,,,,,,54040,90,,,,,
,,,,,,54100,88,,,,,
,,1668,1833.000,walking,111,54100,,2,,,,
,,,,,,54160,85,,,,,
2022-07-25T04:44:00.000Z,,,,sedentary,,,,5,,,,
,,,,,,54220,77,,,,,
,,1695,1840.000,walking,111,54220,,2,,,,
,,,,,,54280,84,,,,,
,,1704,1841.000,walking,111,54280,,2,,,,
,,,,,,54340,89,,,,,
,,,,,,54400,72,,,,,
,,,,,,54460,63,,,,,
,,,,,,54520,66,,,,,
2022-07-25T04:50:00.000Z,,,,sedentary,,,,4,,,,
,,,,,,54580,74,,,,,
2022-07-25T04:51:00.000Z,,,,sedentary,,,,0,,,,
,,,,,,54640,66,,,,,
2022-07-25T04:52:00.000Z,,,,sedentary,,,,1,,,,
,,,,,,54700,62,,,,,
2022-07-25T04:53:00.000Z,,,,sedentary,,,,0,,,,
,,,,,,54820,63,,,,,
2022-07-25T04:55:00.000Z,,,,sedentary,,,,3,,,,
,,,,,,54880,70,,,,,
2022-07-25T04:56:00.000Z,,,,sedentary,,,,0,,,,
,,,,,,54940,68,,,,,
2022-07-25T04:58:00.000Z,,,,sedentary,,,,2,,,,
,,,,,,55060,67,,,,,
,,,,,,55120,66,,,,,
,,,,,,55180,65,,,,,
2022-07-25T05:01:00.000Z,,,,sedentary,,,,0,,,,
,,,,,,55240,68,,,,,
,,,,,,55300,70,,,,,
,,,,,,55360,67,,,,,
,,,,,,55420,70,,,,,
2022-07-25T05:05:00.000Z,,,,sedentary,,,,2,,,,
,,,,,,55480,68,,,,,
2022-07-25T05:06:00.000Z,,,,sedentary,,,,0,,,,
,,,,,,55540,69,,,,,
,,,,,,55600,68,,,,,
2022-07-25T05:08:00.000Z,,,,sedentary,,,,2,,,,
,,,,,,55660,67,,,,,
2022-07-25T05:09:00.000Z,,,,sedentary,,,,0,,,,
,,,,,,55720,68,,,,,
2022-07-25T05:10:00.000Z,,,,sedentary,,,,3,,,,
,,,,,,55780,72,,,,,
2022-07-25T05:11:00.000Z,,,,sedentary,,,,0,,,,
,,,,,,55840,76,,,,,
2022-07-25T05:12:00.000Z,,,,sedentary,,,,3,,,,
,,,,,,55900,78,,,,,
2022-07-25T05:13:00.000Z,,,,sedentary,,,,0,,,,
,,,,,,55960,69,,,,,
,,,,,,56020,65,,,,,
,,,,,,56080,67,,,,,
2022-07-25T05:16:00.000Z,,,,sedentary,,,,1,,,,
,,,,,,56140,65,,,,,
,,,,,,56200,66,,,,,
,,,,,,56320,67,,,,,
,,,,,,56380,69,,,,,
2022-07-25T05:21:00.000Z,,,,sedentary,,,,0,,,,
,,,,,,56440,68,,,,,
2022-07-25T05:22:00.000Z,,,,sedentary,,,,2,,,,
,,,,,,56500,69,,,,,
2022-07-25T05:23:00.000Z,,,,sedentary,,,,0,,,,
,,,,,,56620,74,,,,,
2022-07-25T05:25:00.000Z,,,,sedentary,,,,3,,,,
,,,,,,56680,69,,,,,
2022-07-25T05:26:00.000Z,,,,sedentary,,,,0,,,,
,,,,,,56740,68,,,,,
2022-07-25T05:27:00.000Z,,,,sedentary,,,,5,,,,
,,,,,,56800,81,,,,,
,,,,,,56860,99,,,,,
,,1836,1897.000,walking,115,56860,,3,,,,
,,,,,,56920,97,,,,,
,,,,,,56980,87,,,,,
2022-07-25T05:31:00.000Z,,,,sedentary,,,,3,,,,
,,,,,,57040,79,,,,,
,,,,,,57100,89,,,,,
,,,,,,57124,,,,,3.434,
,,,,,,57160,95,,,,,
,,1916,1974.000,walking,118,57160,,1,,,,
,,,,,,57220,94,,,,,
,,,,,,57280,80,,,,,
2022-07-25T05:36:00.000Z,,,,sedentary,,,,3,,,,
,,,,,,57340,66,,,,,
2022-07-25T05:37:00.000Z,,,,sedentary,,,,0,,,,
,,,,,,57400,62,,,,,
,,,,,,57460,61,,,,,
,,,,,,57520,62,,,,,
,,,,,,57580,63,,,,,
2022-07-25T05:41:00.000Z,,,,sedentary,,,,2,,,,
,,,,,,57640,64,,,,,
2022-07-25T05:42:00.000Z,,,,sedentary,,,,0,,,,
,,,,,,57700,62,,,,,
,,,,,,57760,64,,,,,
2022-07-25T05:44:00.000Z,,,,sedentary,,,,5,,,,
,,,,,,57820,85,,,,,
,,1946,1984.000,walking,118,57820,,3,,,,
,,,,,,57880,96,,,,,
,,,,,,57979,,,,2.222,,
,,,,,,58000,92,,,,,
,,2037,2018.000,walking,120,58000,,2,,,,
,,,,,,58060,113,,,,,
,,0,261.000,generic,13,58060,,5,,,,
,,,,,,58120,99,,,,,
,,,,,,58180,77,,,,,
,,,,,,58240,72,,,,,
,,,,,,58360,69,,,,,
,,,,,,58420,72,,,,,
,,,,,,58480,76,,,,,
,,,,,,58540,80,,,,,
,,,,,,58600,86,,,,,
,,,,,,58660,84,,,,,
,,,,,,58720,86,,,,,
,,,,,,58780,88,,,,,
2022-07-25T06:01:00.000Z,,,,sedentary,,,,4,,,,
,,,,,,58840,85,,,,,
,,,,,,58900,92,,,,,
,,,,,,58960,89,,,,,
,,,,,,59020,76,,,,,
,,,,,,59200,70,,,,,
,,,,,,59260,68,,,,,
,,,,,,59320,71,,,,,
,,,,,,59380,76,,,,,
,,,,,,59440,74,,,,,
,,,,,,59500,71,,,,,
,,,,,,59560,80,,,,,
2022-07-25T06:14:00.000Z,,,,sedentary,,,,4,,,,
,,,,,,59620,73,,,,,
,,,,,,59680,70,,,,,
2022-07-25T06:16:00.000Z,,,,sedentary,,,,0,,,,
,,,,,,59740,69,,,,,
2022-07-25T06:20:00.000Z,,,,sedentary,,,,3,,,,
,,,,,,59980,67,,,,,
2022-07-25T06:21:00.000Z,,,,sedentary,,,,0,,,,
2022-07-25T06:22:00.000Z,,,,sedentary,,,,4,,,,
,,,,,,60100,76,,,,,
,,,,,,60160,69,,,,,
,,,,,,60220,65,,,,,
2022-07-25T06:25:00.000Z,,,,sedentary,,,,0,,,,
,,,,,,60280,64,,,,,
2022-07-25T06:26:00.000Z,,,,sedentary,,,,1,,,,
,,,,,,60340,67,,,,,
2022-07-25T06:27:00.000Z,,,,sedentary,,,,0,,,,
,,,,,,60400,72,,,,,
2022-07-25T06:28:00.000Z,,,,sedentary,,,,3,,,,
,,,,,,60460,76,,,,,
,,,,,,60520,99,,,,,
,,2164,2074.000,walking,123,60520,,3,,,,
,,,,,,60544,,,,,3.357,
,,,,,,60580,105,,,,,
,,2226,2134.000,walking,126,60580,,1,,,,
,,,,,,60640,103,,,,,
,,0,282.000,generic,14,60640,,6,,,,
,,,,,,60700,99,,,,,
,,,,,,60760,78,,,,,
,,,,,,60820,72,,,,,
,,,,,,60880,71,,,,,
,,,,,,60940,72,,,,,
,,,,,,61000,77,,,,,
,,,,,,61060,80,,,,,
,,,,,,61120,73,,,,,
,,,,,,61180,75,,,,,
,,,,,,61240,73,,,,,
,,,,,,61300,70,,,,,
,,,,,,61360,77,,,,,
2022-07-25T06:44:00.000Z,,,,sedentary,,,,4,,,,
,,,,,,61420,74,,,,,
2022-07-25T06:45:00.000Z,,,,sedentary,,,,0,,,,
,,,,,,61480,71,,,,,
,,,,,,61540,76,,,,,
,,,,,,61600,72,,,,,
,,,,,,61660,78,,,,,
,,,,,,61780,75,,,,,
,,,,,,61840,82,,,,,
2022-07-25T06:52:00.000Z,,,,sedentary,,,,3,,,,
,,,,,,61900,75,,,,,
2022-07-25T06:53:00.000Z,,,,sedentary,,,,0,,,,
,,,,,,61960,74,,,,,
,,,,,,62080,71,,,,,
2022-07-25T06:56:00.000Z,,,,sedentary,,,,2,,,,
,,,,,,62140,73,,,,,
2022-07-25T06:57:00.000Z,,,,sedentary,,,,0,,,,
,,,,,,62200,76,,,,,
,,,,,,62260,77,,,,,
,,,,,,62320,74,,,,,
,,,,,,62380,73,,,,,
2022-07-25T07:01:00.000Z,,,,sedentary,,,,3,,,,
,,,,,,62440,78,,,,,
,,,,,,62500,71,,,,,
,,,,,,62560,73,,,,,
,,,,,,62620,77,,,,,
,,,,,,62680,84,,,,,
,,,,,,62740,78,,,,,
,,,,,,62800,73,,,,,
2022-07-25T07:08:00.000Z,,,,sedentary,,,,3,,,,
2022-07-25T07:09:00.000Z,,,,sedentary,,,,0,,,,
,,,,,,62920,74,,,,,
,,,,,,62980,73,,,,,
,,,,,,63040,72,,,,,
,,,,,,63100,73,,,,,
,,,,,,63160,75,,,,,
,,,,,,63220,76,,,,,
,,,,,,63280,70,,,,,
,,,,,,63340,68,,,,,
,,,,,,63400,74,,,,,
,,,,,,63460,70,,,,,
,,,,,,63520,72,,,,,
,,,,,,63580,74,,,,,
,,,,,,63640,76,,,,,
,,,,,,63760,69,,,,,
,,,,,,63820,67,,,,,
,,,,,,63880,68,,,,,
,,,,,,63940,73,,,,,
,,,,,,64000,69,,,,,
,,,,,,64060,66,,,,,
,,,,,,64120,69,,,,,
,,,,,,64180,70,,,,,
,,,,,,64240,72,,,,,
,,,,,,64360,70,,,,,
,,,,,,64480,67,,,,,
,,,,,,64540,71,,,,,
,,,,,,64600,73,,,,,
2022-07-25T07:38:00.000Z,,,,sedentary,,,,3,,,,
,,,,,,64660,74,,,,,
2022-07-25T07:39:00.000Z,,,,sedentary,,,,0,,,,
,,,,,,64720,75,,,,,
,,,,,,64840,73,,,,,
,,,,,,64900,72,,,,,
,,,,,,64960,71,,,,,
2022-07-25T07:44:00.000Z,,,,sedentary,,,,4,,,,
,,,,,,65009,,,,2.608,,
,,,,,,65020,87,,,,,
,,2299,2183.000,walking,130,65020,,2,,,,
,,,,,,65080,128,,,,,
,,,,,,65140,117,,,,,
,,0,402.000,generic,25,65140,,6,,,,
,,,,,,65200,103,,,,,
,,,,,,65260,106,,,,,
,,2337,2303.000,walking,138,65260,,0,,,,
,,0,462.000,generic,28,65320,,5,,,,
,,,,,,65380,103,,,,,
,,2350,2363.000,walking,141,65380,,0,,,,
,,,,,,65440,99,,,,,
,,,,,,65500,87,,,,,
,,,,,,24,77,,,,,
,,,,,,84,72,,,,,
,,,,,,144,71,,,,,
,,,,,,204,69,,,,,
2022-07-25T07:57:00.000Z,,,,sedentary,,,,3,,,,
,,,,,,264,67,,,,,
2022-07-25T07:58:00.000Z,,,,sedentary,,,,0,,,,
,,,,,,324,69,,,,,
,,,,,,384,68,,,,,
,,,,,,444,66,,,,,
2022-07-25T08:01:00.000Z,,,,sedentary,,,,3,,,,
,,,,,,504,67,,,,,
,,,,,,564,73,,,,,
,,,,,,624,67,,,,,
,,,,,,684,62,,,,,
,,,,,,744,71,,,,,
,,,,,,804,66,,,,,
,,,,,,864,73,,,,,
,,,,,,924,72,,,,,
,,,,,,984,70,,,,,
,,,,,,1104,67,,,,,
,,,,,,1164,75,,,,,
,,,,,,1224,68,,,,,
,,,,,,1284,80,,,,,
,,,,,,1344,96,,,,,
,,,,,,1404,93,,,,,
,,,,,,1464,81,,,,,
,,,,,,1524,70,,,,,
,,,,,,1584,78,,,,,
,,,,,,1644,72,,,,,
,,,,,,1704,83,,,,,
,,,,,,1764,79,,,,,
,,,,,,1824,67,,,,,
,,,,,,1884,92,,,,,
2022-07-25T08:25:00.000Z,,,,sedentary,,,,4,,,,
,,,,,,1944,86,,,,,
2022-07-25T08:26:00.000Z,,,,sedentary,,,,0,,,,
,,,,,,2004,77,,,,,
2022-07-25T08:27:00.000Z,,,,sedentary,,,,5,,,,
,,,,,,2064,89,,,,,
2022-07-25T08:28:00.000Z,,,,sedentary,,,,0,,,,
,,,,,,2124,77,,,,,
,,,,,,2184,70,,,,,
2022-07-25T08:30:00.000Z,,,,sedentary,,,,2,,,,
,,,,,,2244,69,,,,,
2022-07-25T08:31:00.000Z,,,,sedentary,,,,0,,,,
,,,,,,2304,71,,,,,
,,,,,,2364,85,,,,,
,,,,,,2424,75,,,,,
,,,,,,2484,72,,,,,
,,,,,,2544,74,,,,,
,,,,,,2604,77,,,,,
,,,,,,2664,75,,,,,
,,,,,,2724,77,,,,,
,,,,,,2784,89,,,,,
,,,,,,2844,93,,,,,
2022-07-25T08:41:00.000Z,,,,sedentary,,,,4,,,,
,,,,,,2904,74,,,,,
,,,,,,2964,75,,,,,
2022-07-25T08:43:00.000Z,,,,sedentary,,,,0,,,,
,,,,,,3024,76,,,,,
,,,,,,3084,77,,,,,
,,,,,,3204,79,,,,,
,,,,,,3264,72,,,,,
,,,,,,3324,69,,,,,
,,,,,,3384,68,,,,,
,,,,,,3444,74,,,,,
2022-07-25T08:51:00.000Z,,,,sedentary,,,,4,,,,
,,,,,,3504,76,,,,,
,,,,,,3564,77,,,,,
2022-07-25T08:53:00.000Z,,,,sedentary,,,,0,,,,
,,,,,,3624,75,,,,,
,,,,,,3684,72,,,,,
,,,,,,3744,87,,,,,
,,,,,,3804,83,,,,,
,,,,,,3864,86,,,,,
,,,,,,3924,76,,,,,
,,,,,,3984,71,,,,,
2022-07-25T09:01:00.000Z,,,,sedentary,,,,4,,,,
,,,,,,4104,78,,,,,
,,,,,,4164,79,,,,,
2022-07-25T09:04:00.000Z,,,,sedentary,,,,3,,,,
,,,,,,4284,80,,,,,
2022-07-25T09:05:00.000Z,,,,sedentary,,,,0,,,,
,,,,,,4344,85,,,,,
2022-07-25T09:06:00.000Z,,,,sedentary,,,,4,,,,
,,,,,,4404,86,,,,,
,,2363,2367.000,walking,141,4404,,2,,,,
,,,,,,4464,102,,,,,
,,,,,,4524,115,,,,,
,,0,561.000,generic,35,4524,,6,,,,
,,,,,,4584,117,,,,,
,,,,,,4644,116,,,,,
,,,,,,4663,,,,,3.534,
,,,,,,4704,117,,,,,
,,,,,,4764,113,,,,,
,,2567,2607.000,walking,160,4764,,1,,,,
,,,,,,4824,117,,,,,
,,,,,,4884,115,,,,,
,,0,681.000,generic,44,4884,,6,,,,
,,,,,,4944,103,,,,,
,,0,741.000,generic,47,4944,,5,,,,
,,,,,,5064,102,,,,,
,,,,,,5124,104,,,,,
,,2642,2707.000,walking,165,5124,,1,,,,
,,,,,,5184,108,,,,,
,,,,,,5244,103,,,,,
,,0,840.000,generic,51,5244,,5,,,,
,,,,,,5304,93,,,,,
,,,,,,5364,82,,,,,
,,,,,,5424,79,,,,,
2022-07-25T09:24:00.000Z,,,,sedentary,,,,0,,,,
,,,,,,5484,77,,,,,
,,,,,,5544,76,,,,,
2022-07-25T09:26:00.000Z,,,,sedentary,,,,4,,,,
,,,,,,5604,79,,,,,
2022-07-25T09:27:00.000Z,,,,sedentary,,,,0,,,,
,,,,,,5664,73,,,,,
,,,,,,5724,74,,,,,
2022-07-25T09:29:00.000Z,,,,sedentary,,,,5,,,,
,,,,,,5768,,,,3.412,,
,,,,,,5784,90,,,,,
,,2715,2762.000,walking,170,5784,,1,,,,
,,,,,,5844,132,,,,,
,,,,,,5904,109,,,,,
,,,,,,5938,,,,,2.821,
,,,,,,5964,105,,,,,
,,2910,2942.000,walking,182,5964,,1,,,,
,,,,,,6024,99,,,,,
,,,,,,6084,73,,,,,
2022-07-25T09:35:00.000Z,,,,sedentary,,,,2,,,,
,,,,,,6144,74,,,,,
,,2967,2958.000,walking,182,6144,,3,,,,
,,,,,,6204,90,,,,,
,,,,,,6264,78,,,,,
,,,,,,6324,68,,,,,
2022-07-25T09:41:00.000Z,,,,sedentary,,,,3,,,,
,,,,,,6504,72,,,,,
,,,,,,6564,93,,,,,
,,,,,,6624,87,,,,,
,,3015,2972.000,walking,183,6624,,3,,,,
,,,,,,6684,96,,,,,
,,,,,,6744,84,,,,,
,,,,,,6804,78,,,,,
,,,,,,6864,72,,,,,
,,,,,,6924,77,,,,,
2022-07-25T09:49:00.000Z,,,,sedentary,,,,4,,,,
,,,,,,6978,,,,2.850,,
,,,,,,6984,104,,,,,
,,,,,,7044,130,,,,,
,,,,,,7104,118,,,,,
,,,,,,7164,104,,,,,
,,3225,3179.000,walking,198,7164,,1,,,,
,,,,,,7224,100,,,,,
2022-07-25T09:54:00.000Z,,,,sedentary,,,,4,,,,
,,,,,,7284,90,,,,,
,,3236,3182.000,walking,198,7284,,2,,,,
,,,,,,7344,93,,,,,
2022-07-25T09:56:00.000Z,,,,sedentary,,,,4,,,,
,,,,,,7404,103,,,,,
,,3253,3242.000,walking,201,7404,,0,,,,
,,,,,,7464,111,,,,,
,,0,900.000,generic,55,7464,,5,,,,
,,,,,,7524,113,,,,,
,,,,,,7584,111,,,,,
,,3304,3362.000,walking,207,7584,,0,,,,
,,,,,,7644,118,,,,,
,,3313,3422.000,walking,211,7644,,0,,,,
,,,,,,7704,121,,,,,
,,,,,,7764,126,,,,,
,,,,,,7824,125,,,,,
,,,,,,7848,,,,,3.003,
,,,,,,7884,123,,,,,
,,3485,3662.000,walking,232,7884,,1,,,,
,,,,,,7944,121,,,,,
,,,,,,8004,117,,,,,
,,0,1020.000,generic,63,8004,,5,,,,
,,,,,,8064,105,,,,,
,,0,1041.000,generic,63,8064,,0,,,,
,,,,,,8124,80,,,,,
,,,,,,8184,83,,,,,
,,,,,,8244,81,,,,,
,,,,,,8364,86,,,,,
2022-07-25T10:13:00.000Z,,,,sedentary,,,,3,,,,
,,,,,,8424,88,,,,,
,,,,,,8484,101,,,,,
,,3570,3722.000,walking,236,8484,,1,,,,
,,,,,,8544,109,,,,,
,,,,,,8548,,,,4.145,,
,,,,,,8604,130,,,,,
,,,,,,8664,135,,,,,
,,,,,,8724,122,,,,,
,,3914,3962.000,walking,255,8724,,2,,,,
,,,,,,8784,115,,,,,
,,,,,,8844,105,,,,,
,,0,1161.000,generic,69,8844,,4,,,,
,,,,,,8904,100,,,,,
2022-07-25T10:22:00.000Z,,,,sedentary,,,,2,,,,
,,,,,,8964,97,,,,,
,,,,,,9024,93,,,,,
,,,,,,9144,96,,,,,
,,,,,,9198,,,,,2.798,
,,4272,4123.000,walking,264,9204,,3,,,,
,,,,,,9264,99,,,,,
,,,,,,9324,89,,,,,
2022-07-25T10:29:00.000Z,,,,sedentary,,,,4,,,,
,,,,,,9384,96,,,,,
,,4290,4169.000,walking,267,9384,,0,,,,
,,,,,,9444,102,,,,,
,,0,1182.000,generic,70,9444,,4,,,,
,,,,,,9504,91,,,,,
,,,,,,9564,99,,,,,
,,,,,,9624,97,,,,,
2022-07-25T10:34:00.000Z,,,,sedentary,,,,5,,,,
,,,,,,9684,100,,,,,
,,,,,,9804,93,,,,,
,,,,,,9864,90,,,,,
,,,,,,9924,89,,,,,
,,,,,,9984,87,,,,,
,,,,,,10044,86,,,,,
2022-07-25T10:41:00.000Z,,,,sedentary,,,,0,,,,
,,,,,,10104,85,,,,,
,,,,,,10164,84,,,,,
2022-07-25T10:43:00.000Z,,,,sedentary,,,,1,,,,
,,,,,,10224,81,,,,,
,,,,,,10284,79,,,,,
2022-07-25T10:45:00.000Z,,,,sedentary,,,,0,,,,
,,,,,,10404,78,,,,,
,,,,,,10464,84,,,,,
,,,,,,10524,77,,,,,
2022-07-25T10:49:00.000Z,,,,sedentary,,,,3,,,,
,,,,,,10584,72,,,,,
2022-07-25T10:50:00.000Z,,,,sedentary,,,,0,,,,
,,,,,,10644,69,,,,,
2022-07-25T10:51:00.000Z,,,,sedentary,,,,1,,,,
,,,,,,10704,68,,,,,
2022-07-25T10:52:00.000Z,,,,sedentary,,,,0,,,,
2022-07-25T10:53:00.000Z,,,,sedentary,,,,1,,,,
,,,,,,10824,66,,,,,
,,,,,,10884,82,,,,,
,,4313,4176.000,walking,267,10884,,1,,,,
,,,,,,10944,97,,,,,
2022-07-25T10:56:00.000Z,,,,sedentary,,,,3,,,,
,,,,,,11004,94,,,,,
,,,,,,11064,109,,,,,
,,4360,4228.000,walking,270,11064,,1,,,,
,,,,,,11124,89,,,,,
,,,,,,11184,81,,,,,
,,,,,,11244,84,,,,,
2022-07-25T11:01:00.000Z,,,,sedentary,,,,3,,,,
,,,,,,11304,86,,,,,
,,,,,,11364,84,,,,,
,,,,,,11424,81,,,,,
,,,,,,11484,88,,,,,
,,,,,,11544,90,,,,,
,,,,,,11604,92,,,,,
2022-07-25T11:07:00.000Z,,,,sedentary,,,,3,,,,
,,,,,,11664,90,,,,,
,,,,,,11724,108,,,,,
,,,,,,11758,,,,3.346,,
,,,,,,11784,114,,,,,
,,,,,,11844,141,,,,,
,,4641,4406.000,walking,286,11844,,2,,,,
,,,,,,11868,,,,,2.964,
,,,,,,11904,135,,,,,
,,,,,,11908,,,,3.343,,
,,,,,,11964,144,,,,,
,,4725,4526.000,walking,301,11964,,1,,,,
,,,,,,12024,140,,,,,
,,0,1242.000,generic,73,12024,,6,,,,
,,,,,,12084,122,,,,,
,,36,60.000,running,5,12084,,4,,,,
,,,,,,12204,115,,,,,
,,,,,,12264,110,,,,,
,,,,,,12324,109,,,,,
,,,,,,12384,111,,,,,
,,,,,,12444,105,,,,,
,,,,,,12504,108,,,,,
,,5043,4946.000,walking,322,12504,,2,,,,
,,,,,,12564,106,,,,,
,,0,1302.000,generic,75,12564,,2,,,,
,,,,,,12624,104,,,,,
,,5076,5006.000,walking,325,12624,,2,,,,
,,,,,,12684,107,,,,,
,,,,,,12744,106,,,,,
,,0,1422.000,generic,80,12744,,4,,,,
,,,,,,12804,103,,,,,
,,,,,,12864,116,,,,,
,,5156,5126.000,walking,331,12864,,3,,,,
,,,,,,12924,113,,,,,
,,0,1482.000,generic,82,12924,,4,,,,
,,,,,,12984,101,,,,,
2022-07-25T11:30:00.000Z,,,,sedentary,,,,4,,,,
,,,,,,13104,102,,,,,
,,,,,,13164,103,,,,,
,,,,,,13284,101,,,,,
,,,,,,13344,102,,,,,
,,,,,,13404,103,,,,,
,,0,1902.000,generic,94,13404,,5,,,,
,,,,,,13464,99,,,,,
,,,,,,13524,79,,,,,
,,,,,,13584,77,,,,,
,,,,,,13644,78,,,,,
,,,,,,13704,79,,,,,
,,,,,,13764,86,,,,,
,,,,,,13824,98,,,,,
2022-07-25T11:44:00.000Z,,,,sedentary,,,,5,,,,
,,,,,,13884,101,,,,,
,,0,1962.000,generic,96,13884,,6,,,,
,,,,,,13944,102,,,,,
,,,,,,14004,108,,,,,
,,,,,,14064,109,,,,,
,,,,,,14124,108,,,,,
,,,,,,14183,,,,3.431,,
,,,,,,14184,107,,,,,
,,,,,,14244,132,,,,,
,,,,,,14304,125,,,,,
,,5568,5546.000,walking,354,14304,,2,,,,
,,,,,,14364,118,,,,,
,,0,2022.000,generic,100,14364,,0,,,,
,,,,,,14424,104,,,,,
,,,,,,14484,108,,,,,
,,0,2142.000,generic,104,14484,,5,,,,
,,,,,,14544,100,,,,,
,,,,,,14604,88,,,,,
,,,,,,14664,90,,,,,
,,,,,,14724,91,,,,,
,,,,,,14784,95,,,,,
2022-07-25T12:00:00.000Z,,,,sedentary,,,,4,,,,
,,,,,,14844,108,,,,,
,,,,,,14904,102,,,,,
,,0,2202.000,generic,107,14904,,5,,,,
,,,,,,14964,94,,,,,
2022-07-25T12:03:00.000Z,,,,sedentary,,,,6,,,,
,,,,,,15024,104,,,,,
,,5618,5606.000,walking,356,15024,,1,,,,
,,,,,,15084,99,,,,,
,,,,,,15144,86,,,,,
,,,,,,15204,81,,,,,
2022-07-25T12:07:00.000Z,,,,sedentary,,,,2,,,,
,,,,,,15264,90,,,,,
2022-07-25T12:08:00.000Z,,,,sedentary,,,,0,,,,
,,,,,,15324,91,,,,,
2022-07-25T12:09:00.000Z,,,,sedentary,,,,1,,,,
,,,,,,15384,92,,,,,
,,,,,,15444,118,,,,,
,,5745,5717.000,walking,363,15444,,1,,,,
,,,,,,15504,117,,,,,
,,5773,5777.000,walking,367,15504,,0,,,,
,,,,,,15564,116,,,,,
,,0,2262.000,generic,110,15564,,6,,,,
,,,,,,15684,119,,,,,
,,5802,5897.000,walking,374,15684,,0,,,,
,,,,,,15744,108,,,,,
,,0,2322.000,generic,112,15744,,3,,,,
,,,,,,15804,94,,,,,
,,,,,,15864,80,,,,,
,,,,,,15984,84,,,,,
,,,,,,16044,81,,,,,
,,,,,,16164,80,,,,,
2022-07-25T12:23:00.000Z,,,,sedentary,,,,4,,,,
,,,,,,16224,81,,,,,
2022-07-25T12:24:00.000Z,,,,sedentary,,,,0,,,,
,,,,,,16284,77,,,,,
,,,,,,16344,81,,,,,
,,,,,,16404,76,,,,,
,,,,,,16464,81,,,,,
2022-07-25T12:28:00.000Z,,,,sedentary,,,,3,,,,
,,,,,,16524,84,,,,,
2022-07-25T12:29:00.000Z,,,,sedentary,,,,0,,,,
,,,,,,16584,77,,,,,
,,,,,,16644,80,,,,,
,,,,,,16704,96,,,,,
,,,,,,16764,81,,,,,
,,,,,,16824,78,,,,,
,,,,,,16944,89,,,,,
,,,,,,17004,88,,,,,
,,,,,,17064,85,,,,,
,,,,,,17124,82,,,,,
,,,,,,17184,74,,,,,
,,,,,,17244,85,,,,,
2022-07-25T12:41:00.000Z,,,,sedentary,,,,4,,,,
,,,,,,17304,81,,,,,
2022-07-25T12:42:00.000Z,,,,sedentary,,,,0,,,,
,,,,,,17364,79,,,,,
,,,,,,17424,78,,,,,
,,,,,,17484,77,,,,,
,,,,,,17544,76,,,,,
,,,,,,17724,78,,,,,
,,,,,,17784,81,,,,,
,,,,,,17844,74,,,,,
,,,,,,17904,70,,,,,
,,,,,,17964,73,,,,,
,,,,,,18024,86,,,,,
,,,,,,18084,83,,,,,
,,,,,,18144,82,,,,,
,,,,,,18204,80,,,,,
,,,,,,18324,76,,,,,
,,,,,,18384,71,,,,,
,,,,,,18444,70,,,,,
,,,,,,18504,71,,,,,
2022-07-25T13:02:00.000Z,,,,sedentary,,,,4,,,,
,,,,,,18564,77,,,,,
,,5819,5903.000,walking,374,18564,,2,,,,
,,,,,,18624,90,,,,,
2022-07-25T13:04:00.000Z,,,,sedentary,,,,5,,,,
,,,,,,18684,102,,,,,
,,,,,,18744,108,,,,,
,,,,,,18804,110,,,,,
,,6010,6083.000,walking,383,18804,,1,,,,
,,,,,,18864,109,,,,,
,,0,2382.000,generic,114,18864,,5,,,,
,,,,,,18924,104,,,,,
,,,,,,18984,110,,,,,
,,,,,,18998,,,,,3.148,
,,,,,,19044,114,,,,,
,,6172,6263.000,walking,395,19044,,1,,,,
,,,,,,19104,112,,,,,
,,6199,6323.000,walking,399,19104,,0,,,,
,,,,,,19164,109,,,,,
,,0,2442.000,generic,117,19164,,4,,,,
,,,,,,19224,97,,,,,
2022-07-25T13:14:00.000Z,,,,sedentary,,,,2,,,,
,,,,,,19284,86,,,,,
2022-07-25T13:15:00.000Z,,,,sedentary,,,,0,,,,
,,,,,,19344,81,,,,,
,,6218,6329.000,walking,399,19344,,3,,,,
,,,,,,19404,102,,,,,
,,,,,,19464,94,,,,,
2022-07-25T13:18:00.000Z,,,,sedentary,,,,4,,,,
,,,,,,19524,79,,,,,
,,,,,,19584,74,,,,,
,,,,,,19644,79,,,,,
,,,,,,19704,81,,,,,
2022-07-25T13:22:00.000Z,,,,sedentary,,,,0,,,,
,,,,,,19764,80,,,,,
2022-07-25T13:23:00.000Z,,,,sedentary,,,,2,,,,
,,,,,,19824,77,,,,,
2022-07-25T13:24:00.000Z,,,,sedentary,,,,0,,,,
,,,,,,19884,79,,,,,
2022-07-25T13:25:00.000Z,,,,sedentary,,,,6,,,,
,,,,,,19944,96,,,,,
,,,,,,20004,99,,,,,
,,6246,6378.000,walking,403,20004,,1,,,,
,,,,,,20064,114,,,,,
,,,,,,20124,112,,,,,
,,0,2562.000,generic,126,20124,,6,,,,
,,,,,,20184,103,,,,,
,,6285,6438.000,walking,405,20184,,0,,,,
,,,,,,20244,112,,,,,
,,0,2622.000,generic,130,20244,,5,,,,
,,,,,,20304,113,,,,,
,,,,,,20364,116,,,,,
,,,,,,20424,112,,,,,
,,6374,6618.000,walking,417,20424,,0,,,,
,,,,,,20484,87,,,,,
,,,,,,20544,72,,,,,
2022-07-25T13:36:00.000Z,,,,sedentary,,,,0,,,,
,,,,,,20604,69,,,,,
,,,,,,20724,79,,,,,
,,,,,,20784,75,,,,,
,,,,,,20844,70,,,,,
,,,,,,20904,71,,,,,
,,,,,,20964,83,,,,,
,,,,,,21024,72,,,,,
,,,,,,21084,73,,,,,
,,,,,,21144,77,,,,,
2022-07-25T13:46:00.000Z,,,,sedentary,,,,4,,,,
,,,,,,21204,78,,,,,
2022-07-25T13:47:00.000Z,,,,sedentary,,,,0,,,,
,,,,,,21264,70,,,,,
2022-07-25T13:48:00.000Z,,,,sedentary,,,,2,,,,
,,,,,,21324,69,,,,,
2022-07-25T13:49:00.000Z,,,,sedentary,,,,0,,,,
,,,,,,21384,67,,,,,
,,,,,,21444,69,,,,,
,,,,,,21564,71,,,,,
,,,,,,21624,69,,,,,
2022-07-25T13:54:00.000Z,,,,sedentary,,,,2,,,,
,,,,,,21684,70,,,,,
,,,,,,21744,67,,,,,
,,,,,,21804,69,,,,,
2022-07-25T13:57:00.000Z,,,,sedentary,,,,0,,,,
,,,,,,21864,66,,,,,
,,,,,,21924,75,,,,,
2022-07-25T13:59:00.000Z,,,,sedentary,,,,3,,,,
,,,,,,21984,77,,,,,
2022-07-25T14:00:00.000Z,,,,sedentary,,,,0,,,,
,,,,,,22044,74,,,,,
2022-07-25T14:01:00.000Z,,,,sedentary,,,,3,,,,
,,,,,,22104,70,,,,,
,,,,,,22164,71,,,,,
,,,,,,22224,66,,,,,
2022-07-25T14:04:00.000Z,,,,sedentary,,,,0,,,,
,,,,,,22284,67,,,,,
,,,,,,22344,71,,,,,
,,,,,,22404,77,,,,,
,,,,,,22524,89,,,,,
,,,,,,22584,72,,,,,
2022-07-25T14:10:00.000Z,,,,sedentary,,,,4,,,,
,,,,,,22644,95,,,,,
,,,,,,22704,103,,,,,
,,6396,6717.000,walking,421,22704,,1,,,,
,,,,,,22764,101,,,,,
2022-07-25T14:13:00.000Z,,,,sedentary,,,,3,,,,
,,,,,,22824,84,,,,,
2022-07-25T14:14:00.000Z,,,,sedentary,,,,0,,,,
,,,,,,22884,71,,,,,
2022-07-25T14:15:00.000Z,,,,sedentary,,,,2,,,,
,,,,,,22944,67,,,,,
2022-07-25T14:16:00.000Z,,,,sedentary,,,,0,,,,
,,,,,,23004,64,,,,,
,,,,,,23064,63,,,,,
2022-07-25T14:18:00.000Z,,,,sedentary,,,,1,,,,
,,,,,,23124,62,,,,,
2022-07-25T14:19:00.000Z,,,,sedentary,,,,0,,,,
,,,,,,23244,65,,,,,
2022-07-25T14:21:00.000Z,,,,sedentary,,,,2,,,,
,,,,,,23304,68,,,,,
2022-07-25T14:22:00.000Z,,,,sedentary,,,,0,,,,
,,,,,,23364,73,,,,,
,,,,,,23424,67,,,,,
,,,,,,23484,70,,,,,
,,,,,,23544,69,,,,,
,,,,,,23604,75,,,,,
,,,,,,23664,92,,,,,
,,,,,,23724,81,,,,,
2022-07-25T14:29:00.000Z,,,,sedentary,,,,3,,,,
,,,,,,23784,74,,,,,
2022-07-25T14:30:00.000Z,,,,sedentary,,,,0,,,,
,,,,,,23844,75,,,,,
,,6415,6777.000,walking,423,23844,,2,,,,
,,,,,,23904,94,,,,,
,,,,,,23964,93,,,,,
2022-07-25T14:33:00.000Z,,,,sedentary,,,,5,,,,
,,,,,,24024,109,,,,,
,,6440,6837.000,walking,426,24024,,1,,,,
,,,,,,24084,112,,,,,
,,0,2682.000,generic,133,24084,,3,,,,
,,,,,,24144,93,,,,,
,,,,,,24204,76,,,,,
,,,,,,24264,67,,,,,
,,,,,,24324,71,,,,,
,,,,,,24384,70,,,,,
,,,,,,24444,71,,,,,
,,,,,,24504,69,,,,,
,,,,,,24564,68,,,,,
,,,,,,24684,66,,,,,
,,,,,,24744,68,,,,,
,,,,,,24804,70,,,,,
,,,,,,24924,69,,,,,
,,,,,,24984,68,,,,,
,,,,,,25044,69,,,,,
,,,,,,25104,67,,,,,
,,,,,,25164,71,,,,,
,,,,,,25224,81,,,,,
,,,,,,25284,76,,,,,
,,,,,,25344,78,,,,,
,,,,,,25404,69,,,,,
,,,,,,25464,67,,,,,
,,,,,,25524,71,,,,,
,,,,,,25584,76,,,,,
,,,,,,25644,79,,,,,
,,,,,,25704,76,,,,,
,,,,,,25764,70,,,,,
,,,,,,25824,77,,,,,
,,,,,,25884,74,,,,,
2022-07-25T15:05:00.000Z,,,,sedentary,,,,3,,,,
,,,,,,25944,75,,,,,
2022-07-25T15:06:00.000Z,,,,sedentary,,,,0,,,,
,,,,,,26004,76,,,,,
,,,,,,26124,77,,,,,
,,,,,,26184,84,,,,,
2022-07-25T15:10:00.000Z,,,,sedentary,,,,3,,,,
,,,,,,26244,81,,,,,
,,6461,6867.000,walking,428,26244,,3,,,,
,,,,,,26304,110,,,,,
,,0,2727.000,generic,136,26304,,5,,,,
,,0,2787.000,generic,137,26364,,3,,,,
,,,,,,26424,80,,,,,
,,,,,,26484,69,,,,,
,,,,,,26604,68,,,,,
,,,,,,26664,81,,,,,
2022-07-25T15:18:00.000Z,,,,sedentary,,,,3,,,,
,,,,,,26724,75,,,,,
2022-07-25T15:19:00.000Z,,,,sedentary,,,,0,,,,
,,,,,,26784,74,,,,,
,,,,,,26844,72,,,,,
2022-07-25T15:21:00.000Z,,,,sedentary,,,,4,,,,
,,,,,,26904,76,,,,,
,,,,,,26964,75,,,,,
2022-07-25T15:23:00.000Z,,,,sedentary,,,,0,,,,
,,,,,,27024,74,,,,,
,,,,,,27084,75,,,,,
,,,,,,27144,73,,,,,
,,,,,,27204,71,,,,,
,,,,,,27264,72,,,,,
2022-07-25T15:28:00.000Z,,,,sedentary,,,,3,,,,
,,,,,,27324,82,,,,,
2022-07-25T15:29:00.000Z,,,,sedentary,,,,0,,,,
,,,,,,27384,75,,,,,
2022-07-25T15:30:00.000Z,,,,sedentary,,,,4,,,,
,,,,,,27444,74,,,,,
2022-07-25T15:31:00.000Z,,,,sedentary,,,,0,,,,
,,,,,,27504,75,,,,,
,,,,,,27564,73,,,,,
,,,,,,27624,72,,,,,
,,,,,,27684,71,,,,,
2022-07-25T15:36:00.000Z,,,,sedentary,,,,2,,,,
,,,,,,27804,73,,,,,
,,,,,,27864,75,,,,,
,,,,,,27924,74,,,,,
2022-07-25T15:39:00.000Z,,,,sedentary,,,,0,,,,
,,,,,,27984,80,,,,,
,,,,,,28044,82,,,,,
,,,,,,28104,84,,,,,
2022-07-25T15:42:00.000Z,,,,sedentary,,,,1,,,,
,,,,,,28164,85,,,,,
2022-07-25T15:43:00.000Z,,,,sedentary,,,,0,,,,
,,,,,,28224,86,,,,,
,,,,,,28284,89,,,,,
2022-07-25T15:45:00.000Z,,,,sedentary,,,,3,,,,
,,,,,,28344,86,,,,,
2022-07-25T15:46:00.000Z,,,,sedentary,,,,0,,,,
,,,,,,28404,84,,,,,
,,,,,,28524,85,,,,,
,,,,,,28584,81,,,,,
,,,,,,28644,78,,,,,
,,,,,,28704,82,,,,,
,,,,,,28764,81,,,,,
2022-07-25T15:53:00.000Z,,,,sedentary,,,,4,,,,
,,,,,,28824,86,,,,,
,,,,,,28884,83,,,,,
2022-07-25T15:55:00.000Z,,,,sedentary,,,,0,,,,
,,,,,,28944,79,,,,,
,,,,,,29064,81,,,,,
,,,,,,29124,80,,,,,
,,,,,,29184,81,,,,,
,,,,,,29244,78,,,,,
,,,,,,29304,76,,,,,
,,,,,,29364,77,,,,,
,,,,,,29424,82,,,,,
,,,,,,29484,77,,,,,
2022-07-25T16:05:00.000Z,,,,sedentary,,,,3,,,,
,,,,,,29544,81,,,,,
2022-07-25T16:06:00.000Z,,,,sedentary,,,,0,,,,
,,,,,,29604,79,,,,,
,,,,,,29664,81,,,,,
2022-07-25T16:08:00.000Z,,,,sedentary,,,,2,,,,
,,,,,,29724,83,,,,,
2022-07-25T16:09:00.000Z,,,,sedentary,,,,0,,,,
,,,,,,29784,85,,,,,
,,,,,,29844,86,,,,,
,,,,,,29904,80,,,,,
2022-07-25T16:12:00.000Z,,,,sedentary,,,,4,,,,
2022-07-25T16:13:00.000Z,,,,sedentary,,,,2,,,,
,,,,,,30024,83,,,,,
,,,,,,30084,81,,,,,
2022-07-25T16:15:00.000Z,,,,sedentary,,,,0,,,,
,,,,,,30144,82,,,,,
,,,,,,30264,87,,,,,
,,,,,,30324,78,,,,,
2022-07-25T16:19:00.000Z,,,,sedentary,,,,4,,,,
,,,,,,30384,81,,,,,
,,6475,6882.000,walking,428,30384,,2,,,,
,,,,,,30444,97,,,,,
2022-07-25T16:21:00.000Z,,,,sedentary,,,,6,,,,
,,,,,,30504,111,,,,,
,,,,,,30564,117,,,,,
,,6509,7002.000,walking,439,30564,,1,,,,
,,,,,,30624,112,,,,,
,,,,,,30684,111,,,,,
,,0,2907.000,generic,144,30684,,6,,,,
,,,,,,30744,109,,,,,
,,,,,,30773,,,,2.789,,
,,,,,,30804,110,,,,,
,,,,,,30813,,,,,3.439,
,,,,,,30864,143,,,,,
,,6653,7182.000,walking,454,30864,,2,,,,
,,,,,,30924,126,,,,,
,,,,,,30984,107,,,,,
,,0,3027.000,generic,150,30984,,4,,,,
,,,,,,31044,93,,,,,
2022-07-25T16:31:00.000Z,,,,sedentary,,,,5,,,,
,,,,,,31104,94,,,,,
,,,,,,31164,112,,,,,
,,6787,7283.000,walking,460,31164,,2,,,,
,,,,,,31224,105,,,,,
,,0,3048.000,generic,151,31224,,5,,,,
,,,,,,31284,92,,,,,
,,,,,,31344,95,,,,,
,,,,,,31404,108,,,,,
,,,,,,31464,101,,,,,
,,,,,,31524,106,,,,,
,,,,,,31584,104,,,,,
,,,,,,31644,97,,,,,
,,,,,,31704,92,,,,,
,,,,,,31764,95,,,,,
,,,,,,31824,91,,,,,
,,,,,,31884,88,,,,,
,,7019,7527.000,walking,470,31884,,1,,,,
,,,,,,31944,82,,,,,
2022-07-25T16:46:00.000Z,,,,sedentary,,,,0,,,,
,,,,,,32004,75,,,,,
,,,,,,32064,87,,,,,
2022-07-25T16:48:00.000Z,,,,sedentary,,,,4,,,,
,,,,,,32124,89,,,,,
,,,,,,32184,97,,,,,
,,,,,,32244,106,,,,,
,,7168,7631.000,walking,475,32244,,1,,,,
,,,,,,32304,108,,,,,
,,7258,7691.000,walking,478,32304,,2,,,,
,,,,,,32364,110,,,,,
,,0,3108.000,generic,154,32364,,5,,,,
,,,,,,32424,105,,,,,
,,,,,,32484,95,,,,,
2022-07-25T16:55:00.000Z,,,,sedentary,,,,5,,,,
,,,,,,32544,105,,,,,
,,,,,,32604,108,,,,,
,,,,,,32664,112,,,,,
,,7429,7871.000,walking,488,32664,,3,,,,
,,,,,,32668,,,,,2.228,
,,,,,,32724,110,,,,,
,,0,3168.000,generic,158,32724,,6,,,,
,,,,,,32784,109,,,,,
,,7450,7931.000,walking,492,32784,,0,,,,
,,,,,,32844,111,,,,,
,,7467,7991.000,walking,495,32844,,0,,,,
,,,,,,32904,107,,,,,
,,0,3189.000,generic,159,32904,,1,,,,
,,,,,,32964,94,,,,,
,,,,,,33024,86,,,,,
2022-07-25T17:04:00.000Z,,,,sedentary,,,,3,,,,
,,,,,,33084,76,,,,,
,,,,,,33144,80,,,,,
2022-07-25T17:07:00.000Z,,,,sedentary,,,,0,,,,
,,,,,,33264,79,,,,,
,,,,,,33324,80,,,,,
2022-07-25T17:09:00.000Z,,,,sedentary,,,,4,,,,
,,,,,,33384,79,,,,,
,,,,,,33444,81,,,,,
2022-07-25T17:11:00.000Z,,,,sedentary,,,,0,,,,
,,,,,,33504,86,,,,,
2022-07-25T17:12:00.000Z,,,,sedentary,,,,4,,,,
,,,,,,33624,85,,,,,
2022-07-25T17:14:00.000Z,,,,sedentary,,,,0,,,,
2022-07-25T17:15:00.000Z,,,,sedentary,,,,3,,,,
,,,,,,33744,77,,,,,
2022-07-25T17:16:00.000Z,,,,sedentary,,,,0,,,,
,,,,,,33804,79,,,,,
,,,,,,33864,80,,,,,
2022-07-25T17:18:00.000Z,,,,sedentary,,,,4,,,,
,,,,,,33924,79,,,,,
,,,,,,33984,112,,,,,
,,7548,8054.000,walking,498,33984,,1,,,,
,,,,,,34044,118,,,,,
,,0,3249.000,generic,164,34044,,7,,,,
,,,,,,34164,117,,,,,
,,7598,8174.000,walking,507,34164,,0,,,,
,,,,,,34224,118,,,,,
,,0,3309.000,generic,168,34224,,6,,,,
,,,,,,34284,119,,,,,
,,,,,,34344,123,,,,,
,,,,,,34404,117,,,,,
,,,,,,34464,111,,,,,
,,7714,8414.000,walking,523,34464,,1,,,,
,,,,,,34524,110,,,,,
,,0,3429.000,generic,173,34584,,6,,,,
,,,,,,34644,107,,,,,
,,,,,,34704,103,,,,,
,,,,,,34824,101,,,,,
,,0,3609.000,generic,180,34824,,6,,,,
,,,,,,34884,99,,,,,
,,,,,,34944,95,,,,,
,,,,,,35004,86,,,,,
,,7755,8442.000,walking,524,35004,,0,,,,
,,,,,,35064,91,,,,,
,,,,,,35124,89,,,,,
,,,,,,35184,98,,,,,
2022-07-25T17:40:00.000Z,,,,sedentary,,,,4,,,,
,,,,,,35244,106,,,,,
,,,,,,35304,103,,,,,
,,0,3708.000,generic,183,35304,,5,,,,
,,,,,,35364,99,,,,,
,,,,,,35424,95,,,,,
,,,,,,35484,96,,,,,
,,,,,,35544,99,,,,,
,,,,,,35604,96,,,,,
2022-07-25T17:47:00.000Z,,,,sedentary,,,,4,,,,
,,,,,,35664,101,,,,,
,,0,3747.000,generic,185,35664,,3,,,,
,,,,,,35724,100,,,,,
2022-07-25T17:49:00.000Z,,,,sedentary,,,,5,,,,
,,,,,,35784,104,,,,,
,,,,,,35844,109,,,,,
,,7816,8562.000,walking,531,35844,,1,,,,
,,,,,,35904,117,,,,,
,,0,3807.000,generic,188,35904,,6,,,,
,,,,,,35964,112,,,,,
,,,,,,36024,113,,,,,
,,7911,8742.000,walking,543,36084,,0,,,,
,,,,,,36144,109,,,,,
,,0,3867.000,generic,190,36144,,5,,,,
,,,,,,36204,99,,,,,
,,,,,,36264,100,,,,,
,,8008,8824.000,walking,548,36264,,1,,,,
,,,,,,36324,111,,,,,
,,,,,,36384,108,,,,,
,,0,3987.000,generic,196,36384,,5,,,,
,,,,,,36444,106,,,,,
,,0,4047.000,generic,199,36444,,6,,,,
,,,,,,36504,107,,,,,
,,,,,,36564,110,,,,,
,,8040,8944.000,walking,554,36564,,0,,,,
,,,,,,36624,103,,,,,
,,0,4068.000,generic,200,36624,,1,,,,
,,,,,,36684,93,,,,,
2022-07-25T18:05:00.000Z,,,,sedentary,,,,1,,,,
2022-07-25T18:06:00.000Z,,,,sedentary,,,,0,,,,
,,,,,,36804,95,,,,,
2022-07-25T18:07:00.000Z,,,,sedentary,,,,1,,,,
,,,,,,36864,90,,,,,
2022-07-25T18:08:00.000Z,,,,sedentary,,,,0,,,,
2022-07-25T18:09:00.000Z,,,,sedentary,,,,4,,,,
,,,,,,36984,93,,,,,
,,,,,,37044,101,,,,,
,,8084,9043.000,walking,559,37044,,0,,,,
,,,,,,37104,103,,,,,
,,0,4089.000,generic,201,37104,,5,,,,
,,,,,,37164,94,,,,,
,,,,,,37224,92,,,,,
,,,,,,37284,95,,,,,
,,,,,,37344,86,,,,,
2022-07-25T18:16:00.000Z,,,,sedentary,,,,4,,,,
2022-07-25T18:17:00.000Z,,,,sedentary,,,,0,,,,
,,,,,,37464,85,,,,,
,,,,,,37524,83,,,,,
,,,,,,37584,81,,,,,
,,,,,,37704,83,,,,,
2022-07-25T18:22:00.000Z,,,,sedentary,,,,3,,,,
,,,,,,37764,82,,,,,
,,,,,,37824,98,,,,,
,,8104,9089.000,walking,560,37824,,0,,,,
,,,,,,37884,102,,,,,
,,0,4110.000,generic,201,37884,,4,,,,
,,,,,,37944,92,,,,,
,,,,,,38064,89,,,,,
,,,,,,38124,88,,,,,
2022-07-25T18:29:00.000Z,,,,sedentary,,,,4,,,,
,,,,,,38184,90,,,,,
2022-07-25T18:30:00.000Z,,,,sedentary,,,,0,,,,
,,,,,,38244,89,,,,,
,,,,,,38304,90,,,,,
,,,,,,38364,94,,,,,
,,,,,,38424,93,,,,,
2022-07-25T18:34:00.000Z,,,,sedentary,,,,3,,,,
,,,,,,38484,91,,,,,
2022-07-25T18:35:00.000Z,,,,sedentary,,,,0,,,,
,,,,,,38544,89,,,,,
,,,,,,38604,92,,,,,
,,,,,,38664,90,,,,,
2022-07-25T18:38:00.000Z,,,,sedentary,,,,4,,,,
,,,,,,38724,92,,,,,
,,,,,,38784,91,,,,,
2022-07-25T18:40:00.000Z,,,,sedentary,,,,0,,,,
,,,,,,38844,87,,,,,
2022-07-25T18:41:00.000Z,,,,sedentary,,,,2,,,,
2022-07-25T18:42:00.000Z,,,,sedentary,,,,0,,,,
,,,,,,38964,90,,,,,
,,,,,,39084,91,,,,,
,,,,,,39144,92,,,,,
2022-07-25T18:46:00.000Z,,,,sedentary,,,,3,,,,
,,,,,,39204,101,,,,,
,,0,4149.000,generic,203,39204,,1,,,,
,,,,,,39264,98,,,,,
,,,,,,39324,88,,,,,
2022-07-25T18:49:00.000Z,,,,sedentary,,,,3,,,,
2022-07-25T18:50:00.000Z,,,,sedentary,,,,0,,,,
,,,,,,39444,98,,,,,
2022-07-25T18:51:00.000Z,,,,sedentary,,,,2,,,,
,,,,,,39504,95,,,,,
,,,,,,39564,103,,,,,
,,,,,,39624,93,,,,,
,,,,,,39684,90,,,,,
,,,,,,39744,87,,,,,
,,,,,,39864,89,,,,,
,,,,,,39924,88,,,,,
,,,,,,39984,87,,,,,
,,,,,,40104,83,,,,,
,,,,,,40164,84,,,,,
,,,,,,40224,81,,,,,
2022-07-25T19:04:00.000Z,,,,sedentary,,,,4,,,,
,,,,,,40284,84,,,,,
2022-07-25T19:05:00.000Z,,,,sedentary,,,,0,,,,
,,,,,,40344,85,,,,,
,,,,,,40404,91,,,,,
,,,,,,40464,96,,,,,
,,,,,,40524,98,,,,,
2022-07-25T19:09:00.000Z,,,,sedentary,,,,3,,,,
,,,,,,40584,102,,,,,
,,0,4170.000,generic,204,40584,,3,,,,
,,,,,,40644,98,,,,,
2022-07-25T19:11:00.000Z,,,,sedentary,,,,2,,,,
,,,,,,40704,93,,,,,
2022-07-25T19:13:00.000Z,,,,sedentary,,,,0,,,,
,,,,,,40824,95,,,,,
,,,,,,40884,94,,,,,
,,,,,,40944,97,,,,,
2022-07-25T19:16:00.000Z,,,,sedentary,,,,5,,,,
,,,,,,41004,114,,,,,
,,0,4230.000,generic,208,41004,,5,,,,
,,,,,,41064,109,,,,,
,,8125,9149.000,walking,565,41064,,0,,,,
,,,,,,41124,122,,,,,
,,,,,,41184,112,,,,,
,,,,,,41244,107,,,,,
,,,,,,41304,116,,,,,
,,,,,,41364,123,,,,,
,,,,,,41424,118,,,,,
,,,,,,41484,111,,,,,
,,0,4650.000,generic,239,41484,,5,,,,
,,,,,,41544,119,,,,,
,,,,,,41604,115,,,,,
,,8147,9269.000,walking,575,41604,,0,,,,
,,,,,,41664,122,,,,,
,,0,4710.000,generic,245,41664,,5,,,,
,,,,,,41724,118,,,,,
,,8162,9329.000,walking,580,41724,,0,,,,
,,,,,,41784,115,,,,,
,,0,4770.000,generic,248,41784,,6,,,,
,,,,,,41844,119,,,,,
,,8185,9389.000,walking,584,41844,,0,,,,
,,,,,,41904,116,,,,,
,,,,,,41904,,,,,,10
,,,,,,41964,104,,,,,
,,0,4851.000,generic,252,41964,,4,,,,
,,,,,,42024,94,,,,,
,,,,,,42084,89,,,,,
,,,,,,42144,86,,,,,
,,,,,,42204,87,,,,,
2022-07-25T19:37:00.000Z,,,,sedentary,,,,4,,,,
,,,,,,42264,101,,,,,
,,0,4872.000,generic,253,42264,,5,,,,
,,,,,,42324,95,,,,,
,,,,,,42384,86,,,,,
,,,,,,42444,79,,,,,
,,,,,,42504,75,,,,,
,,,,,,42564,69,,,,,
,,,,,,42624,87,,,,,
,,,,,,42684,84,,,,,
,,,,,,42744,83,,,,,
,,,,,,42804,98,,,,,
2022-07-25T19:47:00.000Z,,,,sedentary,,,,4,,,,
,,,,,,42864,101,,,,,
,,8194,9449.000,walking,586,42864,,0,,,,
,,,,,,42924,112,,,,,
,,,,,,42984,123,,,,,
,,0,4992.000,generic,262,42984,,5,,,,
,,,,,,43044,110,,,,,
,,8226,9509.000,walking,589,43044,,1,,,,
,,,,,,43104,114,,,,,
,,,,,,43164,123,,,,,
,,0,5112.000,generic,270,43164,,5,,,,
,,,,,,43224,109,,,,,
,,,,,,43284,92,,,,,
,,8263,9538.000,walking,590,43284,,1,,,,
,,,,,,43344,97,,,,,
2022-07-25T19:56:00.000Z,,,,sedentary,,,,5,,,,
,,,,,,43404,109,,,,,
,,,,,,43464,112,,,,,
,,,,,,43524,114,,,,,
,,,,,,43584,117,,,,,
,,8319,9778.000,walking,605,43584,,0,,,,
,,,,,,43644,118,,,,,
,,8325,9838.000,walking,611,43644,,0,,,,
,,,,,,43704,137,,,,,
,,0,5172.000,generic,278,43704,,7,,,,
,,,,,,43764,125,,,,,
,,8342,9898.000,walking,617,43764,,0,,,,
,,,,,,43824,114,,,,,
,,0,5232.000,generic,281,43824,,5,,,,
,,,,,,43884,109,,,,,
,,8355,9958.000,walking,620,43884,,0,,,,
,,,,,,43944,112,,,,,
,,0,5292.000,generic,284,43944,,5,,,,
,,,,,,44004,108,,,,,
,,8408,10018.000,walking,622,44004,,1,,,,
,,,,,,44064,115,,,,,
,,0,5352.000,generic,288,44064,,4,,,,
,,,,,,44124,105,,,,,
,,,,,,44178,,,,,2.409,
,,,,,,44184,110,,,,,
,,8560,10194.000,walking,632,44244,,1,,,,
,,,,,,44304,100,,,,,
,,,,,,44364,95,,,,,
2022-07-25T20:13:00.000Z,,,,sedentary,,,,4,,,,
,,,,,,44424,103,,,,,
,,0,5451.000,generic,291,44484,,4,,,,
,,0,5511.000,generic,293,44544,,3,,,,
,,,,,,44604,98,,,,,
,,,,,,44664,99,,,,,
,,,,,,44724,100,,,,,
2022-07-25T20:19:00.000Z,,,,sedentary,,,,5,,,,
,,,,,,44784,119,,,,,
,,,,,,44808,,,,,2.668,
,,,,,,44844,121,,,,,
,,,,,,44904,115,,,,,
,,8729,10374.000,walking,644,44904,,1,,,,
,,,,,,44964,123,,,,,
,,0,5571.000,generic,298,44964,,6,,,,
,,,,,,45024,122,,,,,
,,8763,10434.000,walking,648,45024,,0,,,,
,,,,,,45084,120,,,,,
,,,,,,45144,117,,,,,
,,,,,,45204,102,,,,,
,,0,5751.000,generic,306,45204,,4,,,,
,,,,,,45264,97,,,,,
2022-07-25T20:28:00.000Z,,,,sedentary,,,,0,,,,
2022-07-25T20:29:00.000Z,,,,sedentary,,,,2,,,,
,,,,,,45384,96,,,,,
,,,,,,45504,95,,,,,
,,,,,,45564,94,,,,,
,,,,,,45624,92,,,,,
2022-07-25T20:34:00.000Z,,,,sedentary,,,,0,,,,
,,,,,,45684,95,,,,,
,,,,,,45744,94,,,,,
2022-07-25T20:36:00.000Z,,,,sedentary,,,,2,,,,
,,,,,,45804,93,,,,,
2022-07-25T20:38:00.000Z,,,,sedentary,,,,0,,,,
,,,,,,45984,92,,,,,
2022-07-25T20:40:00.000Z,,,,sedentary,,,,2,,,,
,,,,,,46044,90,,,,,
,,,,,,46104,93,,,,,
,,,,,,46164,92,,,,,
2022-07-25T20:43:00.000Z,,,,sedentary,,,,0,,,,
,,,,,,46224,93,,,,,
,,,,,,46284,95,,,,,
,,,,,,46344,94,,,,,
,,,,,,46404,95,,,,,
,,,,,,46464,93,,,,,
2022-07-25T20:48:00.000Z,,,,sedentary,,,,2,,,,
2022-07-25T20:49:00.000Z,,,,sedentary,,,,0,,,,
,,,,,,46644,95,,,,,
2022-07-25T20:51:00.000Z,,,,sedentary,,,,2,,,,
,,,,,,46704,94,,,,,
2022-07-25T20:52:00.000Z,,,,sedentary,,,,3,,,,
,,,,,,46764,93,,,,,
2022-07-25T20:53:00.000Z,,,,sedentary,,,,0,,,,
,,,,,,46884,92,,,,,
,,,,,,46944,93,,,,,
,,,,,,47064,88,,,,,
,,,,,,47124,95,,,,,
2022-07-25T20:59:00.000Z,,,,sedentary,,,,3,,,,
,,,,,,47184,111,,,,,
,,0,5811.000,generic,308,47184,,4,,,,
2022-07-25T21:00:00.000Z,0.00,0,5811.000,generic,308,,,,1440,,,
2022-07-25T21:00:00.000Z,6977.22,8763,10434.000,walking,648,,,,1440,,,
2022-07-25T21:00:00.000Z,42.99,36,60.000,running,5,,,,1440,,,
2022-07-25T21:00:00.000Z,,,,,,,,,,,,
2022-07-25T21:00:00.000Z,,,,,,,,,,,,